Wesbite URL,A3 Value,Page Rank
planetcuisines.com,0.15483242298349298,3.02
orlandovideoproductioncompany.com,0.10668569817934603,3.02
libreville.diplo.de,0.10765572305990445,2.92
tienda.faber-castell.cl,0.15279666852645424,2.89
morocco-spicial-tour.webflow.io,0.2709999999999999,2.94
pllsfored.com,0.26492009607377853,2.91
hukutahukuo.hateblo.jp,0.23995401644838954,3.01
fridiary.hatenablog.jp,0.27833202236156007,3.01
mycocosoul.com,0.10641352705949358,3.06
app.memria.org,0.3333421599612547,3.01
elultimogrito.website,0.10461371727224567,2.94
beltandroad.substack.com,0.12640625313639908,3.00
keniazflorals.com,0.14618503175453756,2.97
caboclajurema.com.br,0.21795359846943985,3.00
friend-james.com,0.11703494675928183,2.92
soulignited.ca,0.13255688156800394,2.99
supernova.xyz,0.28240360760222916,2.94
blackstargourmet.com,1,2.92
twoman6954.hatenablog.com,1,3.01
results.votewa.gov,0.306447631350373,3.05
lucidao.medium.com,1,3.05
jonlester.tv,0.271,2.91
snap.hatenablog.jp,0.19712304760526278,3.01
de.espressohouse.com,0.10035641235698378,2.94
eslaban.com,0.16110869000079275,3.01
proforcesp.com,0.1845091995271454,2.99
batir.ulb.ac.be,0.20830882870074496,3.06
desideesdanslatelier.fr,0.12259529292117921,2.92
motherearthnaturalhealth.com,0.10370765507218038,2.96
censoredscience.com,0.19873068138229566,2.94
norlandproducts.com,0.22597205489781047,2.93
bluebelize.com,0.271,2.89
northeastgeorgia.locallygrown.net,0.21491579631402336,3.04
lagunadelhito.es,0.19389838806591497,2.90
mailer.epicenterconsulting.com,0.6801199556407368,2.93
compres.us,0.18999999999999995,3.05
twohalfmen.wikia.com,0.10183047202188156,3.06
seowebrooz.royablog.ir,0.11920226851859805,3.00
impulsate.org,0.123729992190031,2.90
arbeitsschutz-aktuell.de,0.1867722400371613,3.05
makeworkplay.co.uk,0.13981488684195564,3.04
twodice.org,0.2832056108548707,2.97
garipiprazole.com,0.18999999999999995,2.94
cliuanon.substack.com,0.10615718451455458,3.00
palmusic.org.uk,0.12141526272765835,2.91
app.supermonday.io,0.3515359981227575,3.06
francescaserritella.com,0.10126978299304579,3.03
sexnofficial.gitbook.io,0.1942558809962699,3.06
moxiegrrrl.com,0.3553206055132502,2.99
opendata.essen.de,0.10095973565549021,2.99
joesteinphotography.com,0.28824897927140714,2.95
sparknet.net,0.17771606929005201,2.97
fennimas.com,0.3046761352209786,3.06
stephaneviry.fr,0.18822008855054284,2.91
amnaughty.in,0.18999999999999995,2.99
secondjourney.org,0.1845676940051243,2.97
suwanasthaiorchid.com,0.14721488753824685,2.97
linuxcareers.com,0.18974210811061687,2.93
gallagherswaterloo.com,0.138202203971734,2.94
soho.bandcamp.com,0.16924420995144873,2.95
asobe.hateblo.jp,0.22762184296319032,3.01
annuaire-tiger.fr,0.10063618084544523,2.94
drjoburzynska.substack.com,0.10978155615724394,3.00
imc2014.com,0.17045027088717368,2.95
qortstone.com,0.10462931082666227,2.96
bellaverona.com,0.21535253448564584,2.97
makebelieveclothing.com,0.18999999999999995,2.96
decomposedshow.org,0.10704870521467624,3.05
oneunified.net,1,2.90
cakeodyssey.com,0.15735345478633678,2.98
transolar-games.itch.io,0.20916553252378578,2.98
richmondhistoricalsociety.org,0.13755213857743165,2.89
kulturproleten.de,0.24874415374607428,3.02
abdolrezaaminlari.com,0.11148998445462355,2.89
bradlaughs.com,0.19725915759415358,2.94
earthtoneshardscape.com,0.2869327120882845,2.96
pols.laps.yorku.ca,0.11447078155976331,3.04
asean-autofed.com,0.24934921627948292,2.92
techstun.com,0.100355743798057,2.95
wiiu.nintendolife.com,0.1492804133071194,2.94
spacialhomes.com,0.21021791272195867,3.03
wpxoptin.com,0.1863134470225153,2.95
remsa-ijase.formstack.com,0.2557188993898619,2.96
wte.com,0.1924346769692139,3.01
booijkaasmakers.nl,0.23156652857908377,3.04
bik-bik.nl,0.13789375224425338,2.89
graceidaho.com,0.19486099473760554,3.00
yuregir.bel.tr,0.1499486445998678,3.03
jsutthoops.substack.com,0.17107414965689105,3.00
inradius.space,0.1926625523989305,2.95
studentltc.dcs.gla.ac.uk,0.18999999999999995,2.89
louisbxrl82604.blogzag.com,0.20868512287881114,2.97
